use prodFlow;

INSERT INTO Sites (Site) values ('Romaiville');
INSERT INTO Sites (Site) values ('AlfortVille');
INSERT INTO Sites (Site) values ('Tour');
INSERT INTO Sites (Site) values ('Vitry');
INSERT INTO Sites (Site) values ('Bordeau');

INSERT INTO addresses (Site, Country, City, Street, Number) values ('Romaiville', 'FR', 'ROM', '1st', 8);
INSERT INTO addresses (Site, Country, City, Street, Number) values ('AlfortVille', 'FR', 'ALF', '2ndAVE', 12);
INSERT INTO addresses (Site, Country, City, Street, Number) values ('Tour', 'FR', 'TOR', 'Gaumon', 34);
INSERT INTO addresses (Site, Country, City, Street, Number) values ('Vitry', 'FR', 'VTR', 'Chemin', 89);
INSERT INTO addresses (Site, Country, City, Street, Number) values ('Bordeau', 'FR', 'BOR', 'Bourter', 69);


INSERT INTO ProdLignes (NoLigne, Volume, Site) values ("VTR10001",251,"Vitry");
INSERT INTO ProdLignes (NoLigne, Volume, Site) values ("TOR10002",2978,"Tour");
INSERT INTO ProdLignes (NoLigne, Volume, Site) values ("ROM10003",368,"Romaiville");
INSERT INTO ProdLignes (NoLigne, Volume, Site) values ("BOR10004",4292,"Bordeau");
INSERT INTO ProdLignes (NoLigne, Volume, Site) values ("ALF10005",3498,"AlfortVille");
INSERT INTO ProdLignes (NoLigne, Volume, Site) values ("VTR10006",4650,"Vitry");
INSERT INTO ProdLignes (NoLigne, Volume, Site) values ("TOR10007",2168,"Tour");
INSERT INTO ProdLignes (NoLigne, Volume, Site) values ("ROM10008",8592,"Romaiville");
INSERT INTO ProdLignes (NoLigne, Volume, Site) values ("BOR10009",7947,"Bordeau");
INSERT INTO ProdLignes (NoLigne, Volume, Site) values ("ALF10010",2313,"AlfortVille");
INSERT INTO ProdLignes (NoLigne, Volume, Site) values ("VTR10011",2373,"Vitry");
INSERT INTO ProdLignes (NoLigne, Volume, Site) values ("TOR10012",3254,"Tour");
INSERT INTO ProdLignes (NoLigne, Volume, Site) values ("ROM10013",2573,"Romaiville");
INSERT INTO ProdLignes (NoLigne, Volume, Site) values ("BOR10014",285,"Bordeau");
INSERT INTO ProdLignes (NoLigne, Volume, Site) values ("ALF10015",6847,"AlfortVille");
INSERT INTO ProdLignes (NoLigne, Volume, Site) values ("VTR10016",8166,"Vitry");
INSERT INTO ProdLignes (NoLigne, Volume, Site) values ("TOR10017",9543,"Tour");
INSERT INTO ProdLignes (NoLigne, Volume, Site) values ("ROM10018",2459,"Romaiville");
INSERT INTO ProdLignes (NoLigne, Volume, Site) values ("BOR10019",9956,"Bordeau");
INSERT INTO ProdLignes (NoLigne, Volume, Site) values ("ALF10020",5814,"AlfortVille");
INSERT INTO ProdLignes (NoLigne, Volume, Site) values ("VTR10021",6442,"Vitry");
INSERT INTO ProdLignes (NoLigne, Volume, Site) values ("TOR10022",2565,"Tour");
INSERT INTO ProdLignes (NoLigne, Volume, Site) values ("ROM10023",6912,"Romaiville");
INSERT INTO ProdLignes (NoLigne, Volume, Site) values ("BOR10024",7656,"Bordeau");
INSERT INTO ProdLignes (NoLigne, Volume, Site) values ("ALF10025",5812,"AlfortVille");
INSERT INTO ProdLignes (NoLigne, Volume, Site) values ("VTR10026",6336,"Vitry");
INSERT INTO ProdLignes (NoLigne, Volume, Site) values ("TOR10027",8471,"Tour");
INSERT INTO ProdLignes (NoLigne, Volume, Site) values ("ROM10028",8930,"Romaiville");
INSERT INTO ProdLignes (NoLigne, Volume, Site) values ("BOR10029",635,"Bordeau");
INSERT INTO ProdLignes (NoLigne, Volume, Site) values ("ALF10030",6716,"AlfortVille");

INSERT INTO People (FirstName) values ("riri");
INSERT INTO People (FirstName) values ("fifi");
INSERT INTO People (FirstName) values ("loulou");
INSERT INTO People (FirstName) values ("marcel");
INSERT INTO People (FirstName) values ("sophie");
INSERT INTO People (FirstName) values ("karen");
INSERT INTO People (FirstName) values ("romain");
INSERT INTO People (FirstName) values ("julie");
INSERT INTO People (FirstName) values ("marc");
INSERT INTO People (FirstName) values ("Marlenne");
INSERT INTO People (FirstName) values ("Anatole");
INSERT INTO People (FirstName) values ("Anthony");
INSERT INTO People (FirstName) values ("Béatrice");
INSERT INTO People (FirstName) values ("Candice");
INSERT INTO People (FirstName) values ("cédric");
INSERT INTO People (FirstName) values ("daniel");
INSERT INTO People (FirstName) values ("dominique");
INSERT INTO People (FirstName) values ("françois");
INSERT INTO People (FirstName) values ("gertrude");
INSERT INTO People (FirstName) values ("germain");
INSERT INTO People (FirstName) values ("henry");
INSERT INTO People (FirstName) values ("isidor");
INSERT INTO People (FirstName) values ("isabelle");
INSERT INTO People (FirstName) values ("kevin");
INSERT INTO People (FirstName) values ("laurent");
INSERT INTO People (FirstName) values ("lucy");
INSERT INTO People (FirstName) values ("maurice");
INSERT INTO People (FirstName) values ("marine");
INSERT INTO People (FirstName) values ("noémie");
INSERT INTO People (FirstName) values ("noel");
INSERT INTO People (FirstName) values ("olivier");
INSERT INTO People (FirstName) values ("ortance");
INSERT INTO People (FirstName) values ("paul");
INSERT INTO People (FirstName) values ("pascaline");
INSERT INTO People (FirstName) values ("robert");
INSERT INTO People (FirstName) values ("rosine");
INSERT INTO People (FirstName) values ("samuel");
INSERT INTO People (FirstName) values ("tatiana");
INSERT INTO People (FirstName) values ("thoma");
INSERT INTO People (FirstName) values ("ursula");
INSERT INTO People (FirstName) values ("omar");
INSERT INTO People (FirstName) values ("Zoé");

INSERT INTO Teams (Team) values ("Learn the past");
INSERT INTO Teams (Team) values ("Pimp You ride");
INSERT INTO Teams (Team) values ("Tennis");
INSERT INTO Teams (Team) values ("Sewing");
INSERT INTO Teams (Team) values ("Medecine");
INSERT INTO Teams (Team) values ("Astronomy");
INSERT INTO Teams (Team) values ("Engish");
INSERT INTO Teams (Team) values ("Guitar");
INSERT INTO Teams (Team) values ("Rock band");
INSERT INTO Teams (Team) values ("Hard rock metal");
INSERT INTO Teams (Team) values ("change horison");
INSERT INTO Teams (Team) values ("metal welding");


INSERT INTO TeamsPeople (Team, FirstName) values ("change horison","riri");
INSERT INTO TeamsPeople (Team, FirstName) values ("Astronomy","fifi");
INSERT INTO TeamsPeople (Team, FirstName) values ("Sewing","loulou");
INSERT INTO TeamsPeople (Team, FirstName) values ("Astronomy","marcel");
INSERT INTO TeamsPeople (Team, FirstName) values ("Engish","sophie");
INSERT INTO TeamsPeople (Team, FirstName) values ("metal welding","karen");
INSERT INTO TeamsPeople (Team, FirstName) values ("Hard rock metal","romain");
INSERT INTO TeamsPeople (Team, FirstName) values ("Medecine","julie");
INSERT INTO TeamsPeople (Team, FirstName) values ("Tennis","marc");
INSERT INTO TeamsPeople (Team, FirstName) values ("Sewing","Marlenne");
INSERT INTO TeamsPeople (Team, FirstName) values ("Hard rock metal","Anatole");
INSERT INTO TeamsPeople (Team, FirstName) values ("Rock band","Anthony");
INSERT INTO TeamsPeople (Team, FirstName) values ("Guitar","Béatrice");
INSERT INTO TeamsPeople (Team, FirstName) values ("metal welding","Candice");
INSERT INTO TeamsPeople (Team, FirstName) values ("Astronomy","cédric");
INSERT INTO TeamsPeople (Team, FirstName) values ("Guitar","daniel");
INSERT INTO TeamsPeople (Team, FirstName) values ("Pimp You ride","dominique");
INSERT INTO TeamsPeople (Team, FirstName) values ("Tennis","françois");
INSERT INTO TeamsPeople (Team, FirstName) values ("metal welding","gertrude");
INSERT INTO TeamsPeople (Team, FirstName) values ("Learn the past","germain");
INSERT INTO TeamsPeople (Team, FirstName) values ("change horison","henry");
INSERT INTO TeamsPeople (Team, FirstName) values ("Guitar","isidor");
INSERT INTO TeamsPeople (Team, FirstName) values ("Learn the past","isabelle");
INSERT INTO TeamsPeople (Team, FirstName) values ("Guitar","kevin");
INSERT INTO TeamsPeople (Team, FirstName) values ("metal welding","laurent");
INSERT INTO TeamsPeople (Team, FirstName) values ("Sewing","lucy");
INSERT INTO TeamsPeople (Team, FirstName) values ("Astronomy","maurice");
INSERT INTO TeamsPeople (Team, FirstName) values ("Pimp You ride","marine");
INSERT INTO TeamsPeople (Team, FirstName) values ("change horison","noémie");
INSERT INTO TeamsPeople (Team, FirstName) values ("Tennis","noel");
INSERT INTO TeamsPeople (Team, FirstName) values ("change horison","olivier");
INSERT INTO TeamsPeople (Team, FirstName) values ("Learn the past","ortance");
INSERT INTO TeamsPeople (Team, FirstName) values ("Hard rock metal","paul");
INSERT INTO TeamsPeople (Team, FirstName) values ("Learn the past","pascaline");
INSERT INTO TeamsPeople (Team, FirstName) values ("Guitar","robert");
INSERT INTO TeamsPeople (Team, FirstName) values ("Engish","rosine");
INSERT INTO TeamsPeople (Team, FirstName) values ("Pimp You ride","samuel");
INSERT INTO TeamsPeople (Team, FirstName) values ("Sewing","tatiana");
INSERT INTO TeamsPeople (Team, FirstName) values ("Guitar","thoma");
INSERT INTO TeamsPeople (Team, FirstName) values ("Learn the past","ursula");
INSERT INTO TeamsPeople (Team, FirstName) values ("Learn the past","omar");
INSERT INTO TeamsPeople (Team, FirstName) values ("Astronomy","Zoé");


INSERT INTO Incidents (Description, NoLigne, Team, Assignee) values ("patatra","VTR10026","Hard rock metal","paul");
INSERT INTO Incidents (Description, NoLigne, Team, Assignee) values ("badaboom","TOR10027","Guitar","daniel");
INSERT INTO Incidents (Description, NoLigne, Team, Assignee) values ("plouff","VTR10006","Astronomy","maurice");
INSERT INTO Incidents (Description, NoLigne, Team, Assignee) values ("HouLAAA","TOR10002","Pimp You ride","samuel");
INSERT INTO Incidents (Description, NoLigne, Team, Assignee) values ("Gloup","TOR10007","Rock band","Anthony");
INSERT INTO Incidents (Description, NoLigne, Team) values ("Mouaif","VTR10016","Tennis");
INSERT INTO Incidents (Description, NoLigne, Team) values ("AILLEU","VTR10021","metal welding");
INSERT INTO Incidents (Description, NoLigne) values ("fuiyons","TOR10012");
INSERT INTO Incidents (Description, NoLigne) values ("au feu","ROM10013");




